	Cell	cell_type
0	F1S4_160108_001_B01	Lamp5
1	F1S4_160108_003_H01	Vip
2	F1S4_160108_004_B01	Lamp5
3	F1S4_160108_005_C01	Lamp5
4	F1S4_160108_006_G01	Lamp5
5	F1S4_160108_009_E01	Vip
6	F1S4_160108_009_H01	Sst
7	F1S4_160108_011_C01	Sst
8	F1S4_160108_011_D01	Vip
9	F1S4_160108_012_C01	Pvalb
10	F1S4_160108_012_E01	Sst
11	F1S4_160108_012_G01	Lamp5
12	F1S4_160108_014_G01	Sst
13	F1S4_161209_001_G01	L6 CT
14	F1S4_161209_002_H01	L6 CT
15	F1S4_161209_006_A01	L6 CT
16	F1S4_161209_007_A01	L6 CT
17	F1S4_161209_007_C01	L6 CT
18	F1S4_161209_008_A01	L6 CT
19	F1S4_161209_008_H01	L6 CT
20	F1S4_161209_009_F01	L6 CT
21	F1S4_161209_010_B01	L6 CT
22	F1S4_170426_010_B01	Vip
23	F1S4_170426_010_E01	Vip
24	F1S4_170426_010_H01	Lamp5
25	F1S4_170426_011_C01	Lamp5
26	F1S4_170426_011_F01	Lamp5
27	F1S4_170426_015_D01	Vip
28	F1S4_170426_017_H01	Vip
29	F1S4_180108_302_C01	Sst
30	F1S4_180108_303_B01	Endo
31	F1S4_180108_303_H01	Sst
32	F1S4_180124_301_C01	L2/3 IT
33	F1S4_180124_301_E01	Lamp5
34	F1S4_180124_303_G01	Lamp5
35	F1S4_180124_307_E01	L2/3 IT
36	F1S4_180124_307_G01	Sncg
37	F1S4_180124_309_B01	Sncg
38	F1S4_180124_309_D01	Sncg
39	F1S4_180124_309_G01	Lamp5
40	F1S4_180124_310_F01	Lamp5
41	F1S4_180124_311_E01	L2/3 IT
42	F1S4_180124_312_A01	L2/3 IT
43	F1S4_180129_301_H01	Sst
44	F1S4_180129_304_C01	Pvalb
45	F1S4_180129_305_H01	Pvalb
46	F1S4_180129_307_C01	Sst
47	F1S4_180129_308_D01	Pvalb
48	F1S4_180129_309_C01	Pvalb
49	F1S4_180129_310_D01	Pvalb
50	F1S4_180129_311_C01	Sst
51	F1S4_180129_311_D01	Sst
52	F1S4_180129_313_H01	Sst
53	F1S4_180129_315_G01	Sst
54	F1S4_180130_309_D01	Vip
55	F1S4_180130_309_G01	Lamp5
56	F1S4_180130_330_H01	Lamp5
57	F1S4_180130_331_E01	Sst
58	F1S4_180130_332_C01	Lamp5
59	F1S4_180130_333_G01	Sst
60	F1S4_180130_334_A01	L6 CT
61	F1S4_180130_335_G01	Sst
62	F1S4_180130_354_A01	Lamp5
63	F1S4_180130_356_D01	Sst
64	F2S4_151217_009_E01	Vip
65	F2S4_151217_009_F01	Vip
66	F2S4_151217_011_B01	L2/3 IT
67	F2S4_151217_011_D01	L6 CT
68	F2S4_151217_011_G01	L6 IT
69	F2S4_151217_013_H01	L6 IT
70	F2S4_151223_001_G01	Lamp5
71	F2S4_151223_003_B01	Lamp5
72	F2S4_151223_004_B01	Vip
73	F2S4_151223_005_A01	Vip
74	F2S4_151223_006_D01	Lamp5
75	F2S4_151223_006_E01	Vip
76	F2S4_151223_006_G01	Vip
77	F2S4_151223_007_B01	Lamp5
78	F2S4_151223_007_E01	Sst
79	F2S4_151223_008_A01	Sst
80	F2S4_151223_009_E01	Pvalb
81	F2S4_151223_010_D01	Sst
82	F2S4_151223_012_E01	Sncg
83	F2S4_151223_012_G01	Sst
84	F2S4_151223_017_B01	Sncg
85	F2S4_160113_001_C01	L2/3 IT
86	F2S4_160113_001_D01	L2/3 IT
87	F2S4_160113_002_E01	L2/3 IT
88	F2S4_160113_002_G01	L2/3 IT
89	F2S4_160113_003_D01	L2/3 IT
90	F2S4_160113_004_A01	L2/3 IT
91	F2S4_160113_005_C01	L2/3 IT
92	F2S4_160113_006_C01	L2/3 IT
93	F2S4_160113_006_D01	L2/3 IT
94	F2S4_160113_007_G01	L4
95	F2S4_160113_008_H01	L4
96	F2S4_160113_010_F01	L4
97	F2S4_160113_011_H01	L4
98	F2S4_160113_012_C01	NP
99	F2S4_160113_014_D01	NP
100	F2S4_160113_014_G01	NP
101	F2S4_160113_015_C01	CC1
102	F2S4_160113_015_D01	L5 PT
103	F2S4_160113_015_F01	CC2
104	F2S4_160113_018_G01	L6 IT
105	F2S4_160113_020_F01	L6 IT
106	F2S4_160113_024_A01	L6 CT
107	F2S4_160113_025_G01	L6 IT
108	F2S4_160114_001_B01	Sst
109	F2S4_160114_001_D01	Sst
110	F2S4_160114_001_H01	Sncg
111	F2S4_160114_003_F01	Sst
112	F2S4_160114_004_E01	Pvalb
113	F2S4_160114_005_F01	Vip
114	F2S4_160114_006_C01	Lamp5
115	F2S4_160114_006_H01	Vip
116	F2S4_160114_007_E01	Pvalb
117	F2S4_160114_008_F01	Vip
118	F2S4_160114_013_H01	Sncg
119	F2S4_160114_014_H01	Lamp5
120	F2S4_160114_015_A01	Sst
121	F2S4_160114_016_E01	Lamp5
122	F2S4_160114_017_G01	Vip
123	F2S4_160114_019_H01	Vip
124	F2S4_160114_021_E01	Vip
125	F2S4_160115_007_F01	Vip
126	F2S4_160115_008_A01	Astro
127	F2S4_160115_008_G01	Vip
128	F2S4_160115_009_B01	Vip
129	F2S4_160115_009_D01	Sncg
130	F2S4_160115_010_A01	Vip
131	F2S4_160115_011_H01	Sst
132	F2S4_160115_012_G01	Astro
133	F2S4_160115_013_F01	Sst
134	F2S4_160115_013_G01	Astro
135	F2S4_160115_014_C01	Astro
136	F2S4_160115_015_C01	Vip
137	F2S4_160115_017_D01	Sst
138	F2S4_160115_020_B01	Vip
139	F2S4_160115_020_D01	Sst
140	F2S4_160115_021_D01	Sst
141	F2S4_160115_021_E01	Pvalb
142	F2S4_160115_022_B01	Vip
143	F2S4_160115_022_F01	Vip
144	F2S4_160115_024_D01	Astro
145	F2S4_160115_025_C01	Astro
146	F2S4_160115_025_H01	Vip
147	F2S4_160115_026_F01	Astro
148	F2S4_160115_027_E01	Sncg
149	F2S4_160119_004_D01	Vip
150	F2S4_160119_005_A01	Vip
151	F2S4_160119_005_F01	Vip
152	F2S4_160119_007_G01	Lamp5
153	F2S4_160119_008_A01	Sst
154	F2S4_160119_008_D01	Vip
155	F2S4_160119_009_A01	Astro
156	F2S4_160120_001_D01	L2/3 IT
157	F2S4_160120_002_G01	L2/3 IT
158	F2S4_160120_003_D01	L2/3 IT
159	F2S4_160120_003_H01	L2/3 IT
160	F2S4_160120_004_F01	L2/3 IT
161	F2S4_160120_005_A01	L2/3 IT
162	F2S4_160120_006_H01	L4
163	F2S4_160120_007_F01	L4
164	F2S4_160120_008_C01	L4
165	F2S4_160120_008_D01	L4
166	F2S4_160120_009_C01	L4
167	F2S4_160120_010_F01	L4
168	F2S4_160120_011_B01	L6 IT
169	F2S4_160120_011_D01	L6 IT
170	F2S4_160120_014_F01	L6 IT
171	F2S4_160120_020_F01	L6 IT
172	F2S4_160120_021_E01	L6 IT
173	F2S4_160120_021_G01	L6 CT
174	F2S4_160120_023_E01	L6 IT
175	F2S4_160120_025_F01	L6 CT
176	F2S4_160120_025_G01	L6 IT
177	F2S4_160120_027_A01	L6 IT
178	F2S4_160120_027_C01	L6 CT
179	F2S4_160121_001_F01	L2/3 IT
180	F2S4_160121_003_C01	Vip
181	F2S4_160121_004_F01	Vip
182	F2S4_160121_005_F01	Astro
183	F2S4_160121_007_H01	Astro
184	F2S4_160121_008_G01	Astro
185	F2S4_160121_010_B01	Pvalb
186	F2S4_160121_010_C01	Sst
187	F2S4_160121_011_G01	Vip
188	F2S4_160121_012_A01	Sst
189	F2S4_160121_013_C01	Pvalb
190	F2S4_160121_013_G01	Sncg
191	F2S4_160121_014_G01	Vip
192	F2S4_160121_015_B01	Pvalb
193	F2S4_160121_015_G01	Pvalb
194	F2S4_160121_016_E01	Astro
195	F2S4_160121_016_F01	Pvalb
196	F2S4_160126_005_B01	CC3
197	F2S4_160126_005_E01	NP
198	F2S4_160126_005_F01	NP
199	F2S4_160126_005_G01	CC1
200	F2S4_160126_006_B01	NP
201	F2S4_160126_006_D01	L5 PT
202	F2S4_160126_006_H01	L6 IT
203	F2S4_160126_007_B01	CC3
204	F2S4_160126_008_C01	NP
205	F2S4_160126_008_D01	NP
206	F2S4_160126_009_G01	L5 PT
207	F2S4_160126_010_C01	NP
208	F2S4_160126_011_A01	Vip
209	F2S4_160126_011_C01	L6 CT
210	F2S4_160126_011_G01	L6 CT
211	F2S4_160126_013_C01	L6 CT
212	F2S4_160126_015_F01	L6 IT
213	F2S4_160126_017_D01	L4
214	F2S4_160126_018_B01	L2/3 IT
215	F2S4_160126_018_D01	L2/3 IT
216	F2S4_160126_019_C01	L2/3 IT
217	F2S4_160126_019_D01	L2/3 IT
218	F2S4_160126_019_G01	Vip
219	F2S4_160126_021_H01	L2/3 IT
220	F2S4_160126_023_E01	L4
221	F2S4_160126_023_F01	CC3
222	F2S4_160126_024_F01	L4
223	F2S4_160126_025_D01	L4
224	F2S4_160126_028_A01	L4
225	F2S4_160126_030_C01	L6 CT
226	F2S4_160126_031_E01	L6 CT
227	F2S4_160126_032_H01	L6 CT
228	F2S4_160126_033_F01	L6 CT
229	F2S4_160126_034_E01	L6 IT
230	F2S4_160126_035_D01	L6 CT
231	F2S4_160126_036_E01	L6 CT
232	F2S4_160127_001_A01	L2/3 IT
233	F2S4_160127_001_D01	L2/3 IT
234	F2S4_160127_001_G01	L2/3 IT
235	F2S4_160127_001_H01	L2/3 IT
236	F2S4_160127_002_H01	L2/3 IT
237	F2S4_160127_003_A01	Vip
238	F2S4_160127_003_E01	Vip
239	F2S4_160127_003_F01	L2/3 IT
240	F2S4_160127_004_A01	L2/3 IT
241	F2S4_160127_004_D01	L2/3 IT
242	F2S4_160127_005_A01	L2/3 IT
243	F2S4_160127_005_F01	L2/3 IT
244	F2S4_160127_006_F01	Vip
245	F2S4_160127_006_G01	L2/3 IT
246	F2S4_160127_007_A01	L4
247	F2S4_160127_007_F01	Vip
248	F2S4_160127_007_H01	L4
249	F2S4_160127_008_E01	L4
250	F2S4_160127_008_G01	L4
251	F2S4_160127_009_B01	L4
252	F2S4_160127_009_E01	L4
253	F2S4_160127_011_A01	L4
254	F2S4_160127_011_F01	L4
255	F2S4_160127_014_B01	NP
256	F2S4_160127_015_D01	L6 IT
257	F2S4_160127_015_H01	NP
258	F2S4_160127_016_G01	NP
259	F2S4_160127_017_H01	CC1
260	F2S4_160127_018_A01	L5 PT
261	F2S4_160127_019_G01	L6 IT
262	F2S4_160127_019_H01	Sst
263	F2S4_160127_021_F01	L6 IT
264	F2S4_160127_022_E01	L6 IT
265	F2S4_160127_023_C01	L6 CT
266	F2S4_160127_024_E01	L6 IT
267	F2S4_160127_025_E01	L6 CT
268	F2S4_160127_027_F01	L6 CT
269	F2S4_160127_028_F01	L6 IT
270	F2S4_160127_028_G01	L6 CT
271	F2S4_160127_029_B01	L6 CT
272	F2S4_160127_029_E01	L6 CT
273	F2S4_160127_030_A01	L6 CT
274	F2S4_160128_003_F01	L2/3 IT
275	F2S4_160128_004_D01	Vip
276	F2S4_160128_004_E01	L2/3 IT
277	F2S4_160128_005_D01	L2/3 IT
278	F2S4_160128_006_B01	L2/3 IT
279	F2S4_160128_007_G01	L5 PT
280	F2S4_160128_008_H01	Vip
281	F2S4_160128_009_D01	L4
282	F2S4_160128_010_C01	Sst
283	F2S4_160128_012_E01	L4
284	F2S4_160128_012_H01	L4
285	F2S4_160128_013_A01	CC1
286	F2S4_160128_013_B01	CC1
287	F2S4_160128_014_A01	CC1
288	F2S4_160128_014_B01	L6 IT
289	F2S4_160128_015_H01	NP
290	F2S4_160128_016_E01	L6 IT
291	F2S4_160128_017_D01	CC1
292	F2S4_160128_017_H01	L6 IT
293	F2S4_160128_018_B01	L6 CT
294	F2S4_160128_018_D01	Sst
295	F2S4_160128_018_H01	NP
296	F2S4_160128_019_A01	L6 CT
297	F2S4_160128_019_D01	L6 IT
298	F2S4_160128_021_D01	L6 CT
299	F2S4_160128_022_B01	L6 CT
300	F2S4_160128_022_G01	L6 CT
301	F2S4_160128_022_H01	Vip
302	F2S4_160128_023_D01	L6 CT
303	F2S4_160128_024_A01	Vip
304	F2S4_160128_024_B01	L6 IT
305	F2S4_160128_025_E01	L6 CT
306	F2S4_160128_026_A01	Sst
307	F2S4_160128_027_E01	L6 IT
308	F2S4_160128_027_G01	L6 IT
309	F2S4_160128_028_H01	L6 IT
310	F2S4_160129_009_A01	L6 IT
311	F2S4_160129_015_F01	Sst
312	F2S4_160129_020_G01	L4
313	F2S4_160129_021_H01	L4
314	F2S4_160129_025_A01	L2/3 IT
315	F2S4_160129_025_G01	L2/3 IT
316	F2S4_160129_026_B01	L2/3 IT
317	F2S4_160129_026_F01	L2/3 IT
318	F2S4_160129_027_G01	L2/3 IT
319	F2S4_160129_027_H01	Vip
320	F2S4_160129_028_D01	L2/3 IT
321	F2S4_160129_029_F01	L2/3 IT
322	F2S4_160129_030_F01	L2/3 IT
323	F2S4_160129_030_G01	Lamp5
324	F2S4_160303_013_H01	Sst
325	F2S4_160303_014_G01	Pvalb
326	F2S4_160303_015_A01	Lamp5
327	F2S4_160303_015_G01	Sst
328	F2S4_160303_016_G01	Sst
329	F2S4_160303_019_H01	Vip
330	F2S4_160303_021_A01	Vip
331	F2S4_160303_021_C01	Vip
332	F2S4_160303_022_A01	Vip
333	F2S4_160303_022_C01	Vip
334	F2S4_160303_023_E01	Vip
335	F2S4_160304_002_D01	Astro
336	F2S4_160304_005_A01	Pvalb
337	F2S4_160304_005_B01	Sst
338	F2S4_160304_006_B01	Astro
339	F2S4_160304_009_A01	Sst
340	F2S4_160304_011_C01	Sst
341	F2S4_160304_011_G01	Vip
342	F2S4_160304_014_A01	Vip
343	F2S4_160304_017_F01	Vip
344	F2S4_160304_019_D01	Vip
345	F2S4_160304_020_A01	Astro
346	F2S4_160317_002_G01	L6 IT
347	F2S4_160317_004_F01	L6 IT
348	F2S4_160317_005_A01	L6 CT
349	F2S4_160317_008_D01	CC1
350	F2S4_160317_008_H01	NP
351	F2S4_160317_009_D01	CC1
352	F2S4_160317_011_D01	CC3
353	F2S4_160317_013_E01	L4
354	F2S4_160317_015_B01	L4
355	F2S4_160317_015_E01	Vip
356	F2S4_160317_015_F01	L4
357	F2S4_160317_016_H01	L4
358	F2S4_160317_019_B01	L2/3 IT
359	F2S4_160317_022_E01	L6 IT
360	F2S4_160317_022_G01	Sst
361	F2S4_160317_023_B01	NP
362	F2S4_160317_023_F01	CC3
363	F2S4_160317_025_G01	CC1
364	F2S4_160317_027_H01	L6 CT
365	F2S4_160317_028_A01	L6 IT
366	F2S4_160317_029_D01	L6 IT
367	F2S4_160317_030_C01	L6 IT
368	F2S4_160317_031_C01	L6 CT
369	F2S4_160317_031_D01	L6 CT
370	F2S4_160317_031_G01	L6 CT
371	F2S4_160321_003_B01	L4
372	F2S4_160321_003_E01	L2/3 IT
373	F2S4_160321_011_A01	NP
374	F2S4_160321_011_B01	L6 IT
375	F2S4_160321_016_F01	L6 CT
376	F2S4_160321_016_G01	L6 CT
377	F2S4_160321_017_F01	L6 IT
378	F2S4_160321_022_B01	L6 IT
379	F2S4_160321_023_A01	CC2
380	F2S4_160321_023_G01	L6 IT
381	F2S4_160321_024_G01	CC3
382	F2S4_160321_025_F01	Lamp5
383	F2S4_160321_026_B01	L6 CT
384	F2S4_160321_028_C01	Lamp5
385	F2S4_160321_028_E01	L6 CT
386	F2S4_160321_029_C01	L6 IT
387	F2S4_160321_030_A01	L6 IT
388	F2S4_160328_005_A01	L5 PT
389	F2S4_160328_006_A01	CC3
390	F2S4_160328_011_F01	L5 PT
391	F2S4_160328_012_F01	L5 PT
392	F2S4_160328_013_D01	L5 PT
393	F2S4_160328_013_E01	L5 PT
394	F2S4_160328_014_A01	L5 PT
395	F2S4_160328_014_B01	CC3
396	F2S4_160328_014_C01	CC3
397	F2S4_160329_003_D01	L2/3 IT
398	F2S4_160329_004_C01	L2/3 IT
399	F2S4_160329_004_H01	L2/3 IT
400	F2S4_160329_005_D01	L2/3 IT
401	F2S4_160329_005_G01	L2/3 IT
402	F2S4_160329_006_F01	L4
403	F2S4_160329_007_H01	L4
404	F2S4_160329_008_B01	L4
405	F2S4_160329_008_E01	L4
406	F2S4_160329_012_E01	CC3
407	F2S4_160329_013_B01	L6 IT
408	F2S4_160329_015_B01	L4
409	F2S4_160329_016_F01	L6 CT
410	F2S4_160329_016_H01	L6 IT
411	F2S4_160329_018_G01	L6 IT
412	F2S4_160329_019_E01	L6 CT
413	F2S4_160329_020_A01	L6 IT
414	F2S4_160329_020_D01	L6 IT
415	F2S4_160329_023_A01	L6 IT
416	F2S4_160329_023_H01	L6 IT
417	F2S4_160329_024_G01	Sst
418	F2S4_160329_025_A01	L6 IT
419	F2S4_160329_026_B01	CC3
420	F2S4_160329_027_B01	CC3
421	F2S4_160329_028_C01	CC1
422	F2S4_160329_029_F01	L6 IT
423	F2S4_160329_030_D01	L6 IT
424	F2S4_160330_002_A01	L2/3 IT
425	F2S4_160330_006_H01	L6 CT
426	F2S4_160330_008_D01	L6 CT
427	F2S4_160330_009_C01	Sst
428	F2S4_160330_009_D01	L6 CT
429	F2S4_160330_009_F01	L6 CT
430	F2S4_160330_010_C01	L6 CT
431	F2S4_160330_010_E01	L6 IT
432	F2S4_160330_011_F01	L4
433	F2S4_160330_011_G01	L4
434	F2S4_160330_012_E01	Lamp5
435	F2S4_160330_014_A01	L4
436	F2S4_160330_016_A01	L2/3 IT
437	F2S4_160330_016_B01	L2/3 IT
438	F2S4_160330_016_C01	L2/3 IT
439	F2S4_160330_016_D01	L2/3 IT
440	F2S4_160330_016_F01	L2/3 IT
441	F2S4_160330_017_A01	Sncg
442	F2S4_160330_017_E01	L2/3 IT
443	F2S4_160330_018_H01	L2/3 IT
444	F2S4_160330_019_A01	L2/3 IT
445	F2S4_160330_019_G01	L2/3 IT
446	F2S4_160330_021_E01	L4
447	F2S4_160330_022_C01	Sst
448	F2S4_160330_023_A01	L4
449	F2S4_160330_023_E01	L4
450	F2S4_160330_024_B01	L4
451	F2S4_160330_024_D01	Sst
452	F2S4_160330_024_H01	NP
453	F2S4_160330_026_E01	L6 CT
454	F2S4_160330_026_F01	L6 IT
455	F2S4_160330_027_A01	L6 CT
456	F2S4_160330_027_D01	L6 IT
457	F2S4_160330_029_B01	L6 CT
458	F2S4_160330_029_G01	L6 CT
459	F2S4_160331_002_C01	Pvalb
460	F2S4_160331_002_D01	Pvalb
461	F2S4_160401_001_B01	Pvalb
462	F2S4_160401_002_E01	Pvalb
463	F2S4_160404_002_A01	Sncg
464	F2S4_160404_002_D01	Lamp5
465	F2S4_160404_003_B01	Lamp5
466	F2S4_160404_004_C01	Lamp5
467	F2S4_160404_004_H01	Sncg
468	F2S4_160404_005_G01	Lamp5
469	F2S4_160404_007_A01	Lamp5
470	F2S4_160404_007_C01	Astro
471	F2S4_160404_008_C01	Sst
472	F2S4_160404_009_B01	Vip
473	F2S4_160404_009_C01	Sst
474	F2S4_160404_010_A01	Astro
475	F2S4_160404_011_G01	Astro
476	F2S4_160404_012_B01	Vip
477	F2S4_160404_012_E01	Astro
478	F2S4_160404_013_F01	Vip
479	F2S4_160404_014_E01	L2/3 IT
480	F2S4_160404_014_F01	Vip
481	F2S4_160404_015_E01	Vip
482	F2S4_160404_015_H01	Vip
483	F2S4_160404_019_G01	Vip
484	F2S4_160404_021_F01	Vip
485	F2S4_160404_021_G01	Vip
486	F2S4_160404_024_D01	Sst
487	F2S4_160404_025_C01	Pvalb
488	F2S4_160404_026_D01	Vip
489	F2S4_160404_026_H01	Vip
490	F2S4_160404_027_A01	Sst
491	F2S4_160404_030_D01	Pvalb
492	F2S4_160404_031_D01	Lamp5
493	F2S4_160404_031_G01	Sncg
494	F2S4_160404_032_D01	Lamp5
495	F2S4_160404_033_B01	Vip
496	F2S4_160404_033_H01	Lamp5
497	F2S4_160404_034_E01	Lamp5
498	F2S4_160404_035_A01	Lamp5
499	F2S4_160404_035_D01	Lamp5
500	F2S4_160404_037_A01	Lamp5
501	F2S4_160404_038_D01	Astro
502	F2S4_160404_041_D01	Sst
503	F2S4_160404_044_C01	Vip
504	F2S4_160404_045_C01	Vip
505	F2S4_160404_045_D01	Vip
506	F2S4_160404_045_G01	Lamp5
507	F2S4_160404_046_B01	Vip
508	F2S4_160404_046_E01	Lamp5
509	F2S4_160404_047_A01	Lamp5
510	F2S4_160404_047_F01	Vip
511	F2S4_160404_047_G01	Vip
512	F2S4_160404_047_H01	Vip
513	F2S4_160404_048_H01	Vip
514	F2S4_160404_049_B01	Vip
515	F2S4_160404_049_C01	Lamp5
516	F2S4_160404_049_H01	Lamp5
517	F2S4_160404_051_A01	Sst
518	F2S4_160404_051_D01	Lamp5
519	F2S4_160404_051_F01	Sst
520	F2S4_160405_001_B01	Endo
521	F2S4_160405_001_D01	Endo
522	F2S4_160405_003_A01	Lamp5
523	F2S4_160405_003_H01	Endo
524	F2S4_160405_011_G01	Lamp5
525	F2S4_160405_015_A01	Lamp5
526	F2S4_160405_015_B01	Endo
527	F2S4_160405_022_D01	Endo
528	F2S4_160405_023_E01	Lamp5
529	F2S4_160405_024_E01	Vip
530	F2S4_160405_026_B01	Pvalb
531	F2S4_160405_026_E01	Astro
532	F2S4_160405_027_A01	Sst
533	F2S4_160405_027_B01	Pvalb
534	F2S4_160405_027_H01	Sst
535	F2S4_160405_029_B01	Pvalb
536	F2S4_160405_031_C01	Vip
537	F2S4_160405_032_C01	Lamp5
538	F2S4_160405_033_G01	Vip
539	F2S4_160405_035_E01	Vip
540	F2S4_160405_036_C01	Vip
541	F2S4_160405_036_H01	Vip
542	F2S4_160405_038_E01	Vip
543	F2S4_160405_039_G01	Vip
544	F2S4_160405_040_D01	Lamp5
545	F2S4_160405_040_E01	Astro
546	F2S4_160405_041_E01	Astro
547	F2S4_160405_041_H01	Vip
548	F2S4_160406_001_F01	Vip
549	F2S4_160406_002_H01	Vip
550	F2S4_160408_001_B01	Pvalb
551	F2S4_160408_003_B01	Pvalb
552	F2S4_160413_006_D01	Vip
553	F2S4_160413_010_E01	Lamp5
554	F2S4_160413_017_G01	Vip
555	F2S4_160413_018_H01	Sst
556	F2S4_160413_020_D01	Sst
557	F2S4_160413_020_G01	Sst
558	F2S4_160413_024_F01	Vip
559	F2S4_160414_002_A01	Sst
560	F2S4_160414_006_A01	Lamp5
561	F2S4_160414_006_B01	Sst
562	F2S4_160414_006_F01	Pvalb
563	F2S4_160414_007_A01	Lamp5
564	F2S4_160414_007_E01	Sst
565	F2S4_160414_007_G01	Sst
566	F2S4_160414_008_D01	Vip
567	F2S4_160414_009_A01	Lamp5
568	F2S4_160414_010_F01	Lamp5
569	F2S4_160414_011_A01	Vip
570	F2S4_160414_011_G01	Sst
571	F2S4_160415_001_C01	Pvalb
572	F2S4_160415_001_E01	Sst
573	F2S4_160415_002_C01	Sst
574	F2S4_160415_004_A01	Sst
575	F2S4_160415_004_B01	Pvalb
576	F2S4_160415_005_D01	Sst
577	F2S4_160415_006_F01	Pvalb
578	F2S4_160415_006_G01	Pvalb
579	F2S4_160415_008_A01	Sst
580	F2S4_160415_008_E01	Sst
581	F2S4_160415_008_F01	Sst
582	F2S4_160415_009_B01	Sst
583	F2S4_160415_011_C01	Sst
584	F2S4_160415_011_G01	Sst
585	F2S4_160415_012_H01	Sst
586	F2S4_160415_013_E01	Pvalb
587	F2S4_160415_013_F01	Sst
588	F2S4_160415_014_C01	Lamp5
589	F2S4_160415_019_C01	Lamp5
590	F2S4_160415_020_F01	Vip
591	F2S4_160415_021_B01	Vip
592	F2S4_160415_021_C01	Lamp5
593	F2S4_160415_022_B01	Lamp5
594	F2S4_160415_023_A01	Vip
595	F2S4_160415_023_B01	Vip
596	F2S4_160415_024_D01	Vip
597	F2S4_160415_024_H01	Vip
598	F2S4_160419_001_B01	Astro
599	F2S4_160419_001_D01	Lamp5
600	F2S4_160419_002_E01	Vip
601	F2S4_160419_004_D01	Vip
602	F2S4_160419_004_G01	Pvalb
603	F2S4_160419_005_H01	Vip
604	F2S4_160419_006_F01	Pvalb
605	F2S4_160419_006_G01	Vip
606	F2S4_160419_006_H01	Astro
607	F2S4_160419_007_F01	Sst
608	F2S4_160419_007_H01	Vip
609	F2S4_160419_009_G01	Sst
610	F2S4_160419_009_H01	Sst
611	F2S4_160419_010_E01	Sst
612	F2S4_160419_012_A01	L2/3 IT
613	F2S4_160419_012_G01	Vip
614	F2S4_160419_013_B01	Vip
615	F2S4_160419_015_D01	Sst
616	F2S4_160419_016_H01	Pvalb
617	F2S4_160419_017_H01	Vip
618	F2S4_160419_018_G01	Pvalb
619	F2S4_160419_018_H01	Vip
620	F2S4_160419_019_F01	Sst
621	F2S4_160419_022_E01	Vip
622	F2S4_160419_023_C01	Vip
623	F2S4_160422_001_A01	CC3
624	F2S4_160422_001_B01	L4
625	F2S4_160422_001_E01	L4
626	F2S4_160422_003_B01	Vip
627	F2S4_160422_003_E01	L4
628	F2S4_160422_003_H01	L4
629	F2S4_160422_004_G01	L4
630	F2S4_160422_005_D01	L4
631	F2S4_160422_007_D01	L2/3 IT
632	F2S4_160422_008_C01	L2/3 IT
633	F2S4_160422_008_D01	L2/3 IT
634	F2S4_160422_008_F01	L2/3 IT
635	F2S4_160422_009_G01	L2/3 IT
636	F2S4_160422_011_B01	L2/3 IT
637	F2S4_160422_011_D01	L2/3 IT
638	F2S4_160422_011_F01	Vip
639	F2S4_160422_011_G01	L2/3 IT
640	F2S4_160422_013_C01	L6 CT
641	F2S4_160422_013_E01	L6 CT
642	F2S4_160422_014_E01	L6 IT
643	F2S4_160422_015_D01	L6 IT
644	F2S4_160422_019_D01	NP
645	F2S4_160422_020_C01	L6 IT
646	F2S4_160422_023_E01	L6 IT
647	F2S4_160422_024_E01	L6 IT
648	F2S4_160426_003_C01	L5 PT
649	F2S4_160426_003_D01	L6 IT
650	F2S4_160426_003_H01	L5 PT
651	F2S4_160426_004_G01	NP
652	F2S4_160426_005_E01	CC1
653	F2S4_160426_006_D01	L6 IT
654	F2S4_160426_007_D01	L6 IT
655	F2S4_160426_009_F01	L6 IT
656	F2S4_160426_012_A01	L6 CT
657	F2S4_160426_012_B01	L6 IT
658	F2S4_160426_013_B01	L2/3 IT
659	F2S4_160426_013_C01	L2/3 IT
660	F2S4_160426_014_D01	L2/3 IT
661	F2S4_160426_014_H01	L2/3 IT
662	F2S4_160426_015_H01	L2/3 IT
663	F2S4_160426_016_C01	L2/3 IT
664	F2S4_160426_016_E01	L2/3 IT
665	F2S4_160426_017_F01	L2/3 IT
666	F2S4_160426_017_G01	L2/3 IT
667	F2S4_160426_018_C01	L2/3 IT
668	F2S4_160426_018_G01	L2/3 IT
669	F2S4_160426_020_D01	L4
670	F2S4_160426_021_D01	L4
671	F2S4_160426_022_E01	L4
672	F2S4_160426_023_H01	L4
673	F2S4_160428_001_C01	NP
674	F2S4_160428_001_D01	CC3
675	F2S4_160428_001_E01	NP
676	F2S4_160428_002_G01	NP
677	F2S4_160428_004_G01	NP
678	F2S4_160428_005_D01	L2/3 IT
679	F2S4_160428_006_C01	L2/3 IT
680	F2S4_160428_007_D01	L2/3 IT
681	F2S4_160428_007_E01	L2/3 IT
682	F2S4_160428_008_B01	L6 CT
683	F2S4_160428_008_C01	L6 IT
684	F2S4_160428_008_D01	L6 IT
685	F2S4_160428_009_B01	L6 CT
686	F2S4_160428_009_E01	L6 IT
687	F2S4_160428_010_F01	L6 CT
688	F2S4_160428_011_C01	L6 CT
689	F2S4_160428_013_B01	L6 CT
690	F2S4_160428_013_G01	L6 IT
691	F2S4_160428_015_E01	L4
692	F2S4_160428_015_H01	L4
693	F2S4_160428_016_H01	L4
694	F2S4_160428_017_D01	L4
695	F2S4_160428_017_G01	L4
696	F2S4_160428_017_H01	L4
697	F2S4_160428_018_G01	L4
698	F2S4_160428_019_F01	L4
699	F2S4_160428_019_H01	L4
700	F2S4_160428_020_B01	L6 CT
701	F2S4_160428_021_A01	L6 IT
702	F2S4_160428_022_H01	L6 IT
703	F2S4_160428_023_E01	L6 IT
704	F2S4_160428_024_F01	L6 CT
705	F2S4_160428_024_H01	L6 IT
706	F2S4_160429_001_B01	Lamp5
707	F2S4_160429_003_A01	Lamp5
708	F2S4_160429_004_B01	Sst
709	F2S4_160429_004_G01	Sst
710	F2S4_160429_008_B01	Sncg
711	F2S4_160429_008_F01	Vip
712	F2S4_160429_009_B01	Vip
713	F2S4_160429_010_E01	Sst
714	F2S4_160429_014_E01	Sst
715	F2S4_160429_015_H01	Vip
716	F2S4_160429_017_C01	Lamp5
717	F2S4_160429_017_H01	Lamp5
718	F2S4_160429_018_C01	Vip
719	F2S4_160429_019_G01	Vip
720	F2S4_160429_022_D01	Sst
721	F2S4_160502_002_E01	Vip
722	F2S4_160502_002_H01	Vip
723	F2S4_160502_003_C01	Vip
724	F2S4_160502_003_E01	Vip
725	F2S4_160502_004_A01	Vip
726	F2S4_160502_005_C01	Pvalb
727	F2S4_160502_005_D01	Vip
728	F2S4_160502_005_F01	Vip
729	F2S4_160502_005_G01	Sst
730	F2S4_160502_009_H01	Vip
731	F2S4_160502_010_B01	Lamp5
732	F2S4_160502_010_D01	Vip
733	F2S4_160502_011_B01	Sst
734	F2S4_160502_011_G01	Pvalb
735	F2S4_160502_012_D01	Vip
736	F2S4_160502_013_C01	Vip
737	F2S4_160502_015_G01	Sst
738	F2S4_160502_019_A01	Lamp5
739	F2S4_160502_019_B01	Lamp5
740	F2S4_160502_020_A01	Lamp5
741	F2S4_160502_020_H01	Sst
742	F2S4_160504_002_D01	Lamp5
743	F2S4_160504_007_A01	Sst
744	F2S4_160504_007_B01	Pvalb
745	F2S4_160504_009_A01	Lamp5
746	F2S4_160504_009_E01	Lamp5
747	F2S4_160504_009_G01	Lamp5
748	F2S4_160504_010_H01	Vip
749	F2S4_160512_001_H01	Pvalb
750	F2S4_160512_003_E01	Pvalb
751	F2S4_160516_001_B01	NP
752	F2S4_160516_002_G01	Sst
753	F2S4_160516_003_C01	L5 PT
754	F2S4_160516_003_D01	L5 PT
755	F2S4_160516_003_G01	CC1
756	F2S4_160516_004_D01	NP
757	F2S4_160516_007_D01	Sst
758	F2S4_160516_008_C01	L2/3 IT
759	F2S4_160516_008_D01	Lamp5
760	F2S4_160516_009_D01	L2/3 IT
761	F2S4_160516_010_F01	Sst
762	F2S4_160516_011_C01	L2/3 IT
763	F2S4_160516_013_B01	L2/3 IT
764	F2S4_160516_013_H01	L2/3 IT
765	F2S4_160516_016_B01	L2/3 IT
766	F2S4_160516_016_D01	L2/3 IT
767	F2S4_160516_016_F01	L2/3 IT
768	F2S4_160516_019_A01	Vip
769	F2S4_160516_019_D01	Vip
770	F2S4_160516_020_D01	L2/3 IT
771	F2S4_160516_020_E01	L2/3 IT
772	F2S4_160516_021_B01	L2/3 IT
773	F2S4_160516_021_C01	L2/3 IT
774	F2S4_160516_021_E01	L4
775	F2S4_160516_028_A01	L4
776	F2S4_160516_028_D01	L4
777	F2S4_160516_028_E01	L4
778	F2S4_160516_028_F01	L4
779	F2S4_160516_030_A01	L6 IT
780	F2S4_160516_030_F01	L6 CT
781	F2S4_160516_030_G01	L6 IT
782	F2S4_160516_033_C01	L6 IT
783	F2S4_160516_033_H01	L6 IT
784	F2S4_160516_034_A01	L6 CT
785	F2S4_160516_036_D01	L6 IT
786	F2S4_160516_038_B01	L6 IT
787	F2S4_160516_039_B01	L6 IT
788	F2S4_160516_041_G01	L6 IT
789	F2S4_160516_041_H01	Sst
790	F2S4_160608_001_D01	Pvalb
791	F2S4_160608_004_D01	Pvalb
792	F2S4_160608_004_H01	Pvalb
793	F2S4_160609_001_D01	Pvalb
794	F2S4_160610_001_C01	L4
795	F2S4_160614_001_B01	Vip
796	F2S4_160614_001_F01	Vip
797	F2S4_160614_005_E01	Sst
798	F2S4_160614_007_E01	Sst
799	F2S4_160614_008_D01	Sst
800	F2S4_160615_001_E01	CC2
801	F2S4_160615_002_A01	CC2
802	F2S4_160615_003_F01	CC3
803	F2S4_160615_004_C01	CC3
804	F2S4_160615_004_D01	L5 PT
805	F2S4_160615_005_F01	L6 IT
806	F2S4_160615_005_G01	CC3
807	F2S4_160615_006_A01	CC2
808	F2S4_160615_007_B01	L5 PT
809	F2S4_160615_008_D01	L5 PT
810	F2S4_160615_008_F01	L5 PT
811	F2S4_160615_009_F01	CC3
812	F2S4_160615_010_B01	CC3
813	F2S4_160615_010_E01	Sst
814	F2S4_160615_011_B01	CC3
815	F2S4_160615_011_D01	CC1
816	F2S4_160615_012_A01	Pvalb
817	F2S4_160615_012_D01	Pvalb
818	F2S4_160615_013_C01	Pvalb
819	F2S4_160615_014_H01	Pvalb
820	F2S4_160616_003_C01	L5 PT
821	F2S4_160616_005_A01	CC3
822	F2S4_160616_007_F01	Vip
823	F2S4_160616_010_D01	CC3
824	F2S4_160616_014_A01	Sst
825	F2S4_160616_014_G01	Endo
826	F2S4_160616_014_H01	Sst
827	F2S4_160617_002_B01	Endo
828	F2S4_160617_002_D01	L6b
829	F2S4_160617_003_G01	L6b
830	F2S4_160617_005_F01	Endo
831	F2S4_160620_038_E01	L6b
832	F2S4_160621_001_E01	Pvalb
833	F2S4_160621_005_D01	Pvalb
834	F2S4_160621_005_F01	Pvalb
835	F2S4_160622_001_D01	CC3
836	F2S4_160622_002_G01	L5 PT
837	F2S4_160622_003_B01	CC1
838	F2S4_160622_004_F01	CC3
839	F2S4_160622_006_H01	CC3
840	F2S4_160622_007_G01	CC1
841	F2S4_160622_008_A01	L5 PT
842	F2S4_160622_008_G01	CC3
843	F2S4_160622_009_E01	L5 PT
844	F2S4_160622_009_G01	L5 PT
845	F2S4_160622_010_D01	CC2
846	F2S4_160622_010_F01	CC3
847	F2S4_160622_011_H01	Sst
848	F2S4_160622_012_H01	CC2
849	F2S4_160622_013_G01	L5 PT
850	F2S4_160622_014_D01	CC3
851	F2S4_160622_015_E01	CC3
852	F2S4_160622_015_F01	CC3
853	F2S4_160622_016_F01	L5 PT
854	F2S4_160622_018_D01	L5 PT
855	F2S4_160622_019_F01	CC3
856	F2S4_160622_019_H01	L5 PT
857	F2S4_160622_020_G01	CC3
858	F2S4_160622_021_B01	L5 PT
859	F2S4_160622_021_C01	L5 PT
860	F2S4_160622_022_G01	CC3
861	F2S4_160623_035_B01	L5 PT
862	F2S4_160623_037_E01	CC3
863	F2S4_160623_039_C01	L5 PT
864	F2S4_160623_039_D01	CC3
865	F2S4_160623_039_H01	L5 PT
866	F2S4_160623_040_F01	Sst
867	F2S4_160623_041_E01	CC3
868	F2S4_160623_041_G01	L5 PT
869	F2S4_160623_043_D01	CC3
870	F2S4_160623_044_H01	CC2
871	F2S4_160624_021_D01	CC3
872	F2S4_160624_021_F01	CC3
873	F2S4_160624_022_C01	CC3
874	F2S4_160624_022_E01	CC2
875	F2S4_160624_024_D01	L5 PT
876	F2S4_160624_024_F01	CC3
877	F2S4_160624_025_H01	CC3
878	F2S4_160624_026_D01	NP
879	F2S4_160624_027_C01	L5 PT
880	F2S4_160624_027_F01	L5 PT
881	F2S4_160624_029_H01	CC1
882	F2S4_160624_030_E01	CC3
883	F2S4_160624_031_A01	CC1
884	F2S4_160624_031_G01	CC3
885	F2S4_160627_014_A01	Pvalb
886	F2S4_160627_015_B01	Pvalb
887	F2S4_160627_015_C01	Pvalb
888	F2S4_160627_015_E01	Pvalb
889	F2S4_160627_015_H01	Pvalb
890	F2S4_160701_002_B01	L2/3 IT
891	F2S4_160701_002_D01	L2/3 IT
892	F2S4_160701_002_E01	L4
893	F2S4_160701_004_G01	L2/3 IT
894	F2S4_160701_006_E01	L2/3 IT
895	F2S4_160701_006_H01	L2/3 IT
896	F2S4_160701_007_H01	L2/3 IT
897	F2S4_160701_008_G01	L2/3 IT
898	F2S4_160701_010_H01	L4
899	F2S4_160701_012_E01	L4
900	F2S4_160701_012_G01	L4
901	F2S4_160701_013_H01	L4
902	F2S4_160701_014_A01	CC2
903	F2S4_160701_014_C01	L4
904	F2S4_160701_015_C01	L4
905	F2S4_160701_017_F01	L4
906	F2S4_160701_018_E01	L6 IT
907	F2S4_160701_019_G01	L6 IT
908	F2S4_160701_020_A01	L6 CT
909	F2S4_160701_022_A01	L6 CT
910	F2S4_160701_023_D01	L6 CT
911	F2S4_160701_025_G01	L6 CT
912	F2S4_160701_028_A01	L6 IT
913	F2S4_160701_030_E01	L6 CT
914	F2S4_160701_032_G01	L4
915	F2S4_160701_033_B01	L4
916	F2S4_160701_034_A01	L4
917	F2S4_160701_037_E01	CC2
918	F2S4_160701_038_H01	L4
919	F2S4_160701_039_B01	L4
920	F2S4_160701_039_D01	L4
921	F2S4_160701_040_D01	L2/3 IT
922	F2S4_160701_041_G01	L2/3 IT
923	F2S4_160701_042_A01	L2/3 IT
924	F2S4_160701_042_B01	L2/3 IT
925	F2S4_160701_043_G01	L2/3 IT
926	F2S4_160701_044_G01	L2/3 IT
927	F2S4_160701_045_D01	L2/3 IT
928	F2S4_160701_045_E01	L2/3 IT
929	F2S4_160701_045_F01	L2/3 IT
930	F2S4_160701_046_D01	L2/3 IT
931	F2S4_160701_047_G01	L2/3 IT
932	F2S4_160705_001_B01	L6b
933	F2S4_160705_001_F01	L6b
934	F2S4_160706_001_B01	L6 CT
935	F2S4_160706_001_H01	L6 IT
936	F2S4_160706_003_G01	L6 IT
937	F2S4_160706_004_G01	L6 IT
938	F2S4_160706_005_H01	L6 IT
939	F2S4_160706_006_G01	L6 IT
940	F2S4_160706_009_C01	L6 IT
941	F2S4_160706_009_F01	L6 IT
942	F2S4_160706_009_H01	L6 IT
943	F2S4_160706_010_G01	L6 IT
944	F2S4_160706_012_D01	L6 IT
945	F2S4_160706_014_G01	L6 IT
946	F2S4_160706_015_C01	L6 CT
947	F2S4_160706_015_F01	L6 IT
948	F2S4_160706_016_F01	L6 IT
949	F2S4_160706_016_G01	L6 IT
950	F2S4_160706_019_G01	L6 IT
951	F2S4_160706_020_E01	L6 IT
952	F2S4_160706_021_D01	L6 IT
953	F2S4_160706_021_F01	L6 IT
954	F2S4_160706_024_B01	L6 IT
955	F2S4_160706_025_G01	L6 CT
956	F2S4_160706_027_B01	L6 IT
957	F2S4_160706_030_B01	L6 CT
958	F2S4_160706_033_C01	L6 IT
959	F2S4_160707_009_A01	L6b
960	F2S4_160707_010_D01	L6b
961	F2S4_160712_001_C01	Pvalb
962	F2S4_160712_002_C01	Pvalb
963	F2S4_160713_001_B01	L4
964	F2S4_160713_001_D01	L4
965	F2S4_160713_001_F01	L4
966	F2S4_160713_001_G01	L4
967	F2S4_160713_002_B01	L4
968	F2S4_160713_002_H01	L4
969	F2S4_160713_004_A01	L4
970	F2S4_160713_005_C01	L4
971	F2S4_160713_005_F01	L4
972	F2S4_160713_005_G01	L4
973	F2S4_160713_006_C01	L4
974	F2S4_160713_008_A01	L6b
975	F2S4_160714_003_D01	Vip
976	F2S4_160715_002_D01	Endo
977	F2S4_160715_002_E01	Endo
978	F2S4_160715_004_B01	Endo
979	F2S4_160715_004_C01	Endo
980	F2S4_160715_004_H01	Endo
981	F2S4_160715_005_G01	Endo
982	F2S4_160715_005_H01	Endo
983	F2S4_160715_009_A01	Endo
984	F2S4_160715_009_F01	Vip
985	F2S4_160715_010_F01	Vip
986	F2S4_160718_004_H01	L6b
987	F2S4_160718_006_H01	Endo
988	F2S4_160718_007_A01	Endo
989	F2S4_160718_008_E01	L6b
990	F2S4_160719_001_G01	L4
991	F2S4_160719_002_C01	L4
992	F2S4_160719_002_D01	L4
993	F2S4_160719_003_G01	L4
994	F2S4_160719_004_G01	L4
995	F2S4_160719_008_C01	L4
996	F2S4_160719_008_G01	L4
997	F2S4_160719_009_F01	L4
998	F2S4_160719_011_A01	L4
999	F2S4_160720_003_E01	L6b
1000	F2S4_160725_003_F01	Pvalb
1001	F2S4_160727_002_B01	Sst
1002	F2S4_160727_004_E01	Sst
1003	F2S4_160802_002_G01	Lamp5
1004	F2S4_160802_003_B01	Sst
1005	F2S4_160802_004_B01	Sst
1006	F2S4_160802_004_F01	Sst
1007	F2S4_160802_005_G01	Vip
1008	F2S4_160802_006_A01	Lamp5
1009	F2S4_160802_008_E01	Sst
1010	F2S4_160802_009_H01	Sst
1011	F2S4_160803_038_H01	Sst
1012	F2S4_160803_039_H01	Sst
1013	F2S4_160804_002_H01	Pvalb
1014	F2S4_160804_003_G01	Pvalb
1015	F2S4_160805_004_D01	Pvalb
1016	F2S4_160805_005_G01	Pvalb
1017	F2S4_160805_007_G01	Pvalb
1018	F2S4_160805_009_E01	Pvalb
1019	F2S4_160808_032_B01	Vip
1020	F2S4_160808_032_G01	Vip
1021	F2S4_160811_004_H01	Sst
1022	F2S4_160812_001_B01	Pvalb
1023	F2S4_160812_002_G01	Pvalb
1024	F2S4_160818_001_D01	CC3
1025	F2S4_160818_002_C01	L5 PT
1026	F2S4_160818_005_F01	L6 IT
1027	F2S4_160818_006_B01	CC2
1028	F2S4_160818_006_G01	L5 PT
1029	F2S4_160818_006_H01	CC1
1030	F2S4_160818_007_E01	CC3
1031	F2S4_160818_009_B01	L5 PT
1032	F2S4_160824_049_C01	Pvalb
1033	F2S4_160824_049_E01	Pvalb
1034	F2S4_160824_049_F01	Pvalb
1035	F2S4_160824_050_A01	Pvalb
1036	F2S4_160824_052_G01	Pvalb
1037	F2S4_160825_055_B01	Pvalb
1038	F2S4_160825_055_C01	Pvalb
1039	F2S4_160825_057_F01	Pvalb
1040	F2S4_160825_060_H01	Pvalb
1041	F2S4_160826_001_D01	Sst
1042	F2S4_160826_001_G01	Pvalb
1043	F2S4_160826_002_B01	Pvalb
1044	F2S4_160826_003_E01	Pvalb
1045	F2S4_160826_004_B01	Pvalb
1046	F2S4_160826_004_F01	Pvalb
1047	F2S4_160829_001_B01	Pvalb
1048	F2S4_160829_004_D01	Pvalb
1049	F2S4_160829_004_F01	Pvalb
1050	F2S4_160829_005_B01	Pvalb
1051	F2S4_160901_001_A01	Astro
1052	F2S4_160901_002_H01	CC2
1053	F2S4_160901_003_A01	Astro
1054	F2S4_160901_004_B01	Astro
1055	F2S4_160901_005_B01	Astro
1056	F2S4_160901_005_C01	Astro
1057	F2S4_160901_005_H01	Astro
1058	F2S4_160901_006_F01	L2/3 IT
1059	F2S4_160901_007_H01	Astro
1060	F2S4_160901_008_D01	Vip
1061	F2S4_160901_009_G01	CC2
1062	F2S4_160901_010_B01	L4
1063	F2S4_160901_013_H01	Vip
1064	F2S4_160901_014_D01	Pvalb
1065	F2S4_160901_014_G01	Astro
1066	F2S4_160901_015_D01	L4
1067	F2S4_160901_015_G01	Pvalb
1068	F2S4_160901_016_A01	Astro
1069	F2S4_161003_003_B01	NP
1070	F2S4_161003_003_E01	L5 PT
1071	F2S4_161004_003_B01	L4
1072	F2S4_161004_003_C01	L4
1073	F2S4_161004_003_D01	L4
1074	F2S4_161004_004_B01	L4
1075	F2S4_161004_009_B01	L4
1076	F2S4_161004_010_C01	L2/3 IT
1077	F2S4_161004_012_G01	L2/3 IT
1078	F2S4_161004_013_D01	Lamp5
1079	F2S4_161004_016_G01	Lamp5
1080	F2S4_161004_017_H01	L2/3 IT
1081	F2S4_161004_018_B01	L2/3 IT
1082	F2S4_161004_018_F01	Vip
1083	F2S4_161004_021_G01	L4
1084	F2S4_161004_022_B01	L4
1085	F2S4_161004_023_A01	L4
1086	F2S4_161007_001_C01	L4
1087	F2S4_161007_003_C01	L4
1088	F2S4_161007_006_A01	CC2
1089	F2S4_161007_006_B01	L4
1090	F2S4_161007_012_A01	L4
1091	F2S4_161007_012_C01	L4
1092	F2S4_161007_012_E01	CC2
1093	F2S4_161010_001_D01	Sst
1094	F2S4_161010_003_F01	Sst
1095	F2S4_161010_005_F01	Sst
1096	F2S4_161010_006_D01	Sst
1097	F2S4_161010_006_G01	Sst
1098	F2S4_161010_007_A01	Sst
1099	F2S4_161010_007_D01	Sst
1100	F2S4_161010_010_D01	Sst
1101	F2S4_161010_014_D01	Sst
1102	F2S4_161010_014_H01	Sst
1103	F2S4_161010_017_D01	Sst
1104	F2S4_161010_019_A01	Sst
1105	F2S4_161010_022_E01	Sst
1106	F2S4_161010_023_C01	Sst
1107	F2S4_161010_024_B01	Sst
1108	F2S4_161010_024_D01	Sst
1109	F2S4_161010_025_G01	Sst
1110	F2S4_161010_026_B01	Sst
1111	F2S4_161010_026_G01	Sst
1112	F2S4_161010_027_H01	Sst
1113	F2S4_161010_030_A01	Sst
1114	F2S4_161010_031_B01	Pvalb
1115	F2S4_161010_031_E01	Sst
1116	F2S4_161010_032_D01	Sst
1117	F2S4_161010_032_H01	Sst
1118	F2S4_161010_033_H01	Sst
1119	F2S4_161017_001_D01	Vip
1120	F2S4_161017_002_C01	Vip
1121	F2S4_161017_003_D01	Vip
1122	F2S4_161017_003_H01	Vip
1123	F2S4_161017_005_A01	Vip
1124	F2S4_161017_007_C01	Vip
1125	F2S4_161017_007_G01	Vip
1126	F2S4_161017_009_E01	Vip
1127	F2S4_161017_010_B01	Vip
1128	F2S4_161017_011_A01	Vip
1129	F2S4_161017_011_D01	Vip
1130	F2S4_161017_012_B01	Vip
1131	F2S4_161017_014_D01	Vip
1132	F2S4_161017_016_H01	Vip
1133	F2S4_161017_018_A01	Vip
1134	F2S4_161017_018_H01	Vip
1135	F2S4_161017_019_A01	Vip
1136	F2S4_161017_019_D01	Vip
1137	F2S4_161017_019_F01	Vip
1138	F2S4_161017_022_G01	Sncg
1139	F2S4_161018_001_C01	NP
1140	F2S4_161018_001_D01	L5 PT
1141	F2S4_161020_009_F01	Vip
1142	F2S4_161028_001_H01	Sst
1143	F2S4_161028_002_D01	Sst
1144	F2S4_161028_003_A01	Sst
1145	F2S4_161028_005_D01	Sst
1146	F2S4_161028_005_F01	Sst
1147	F2S4_161028_006_A01	Sst
1148	F2S4_161028_008_D01	Sst
1149	F2S4_161028_010_H01	Sst
1150	F2S4_161028_011_A01	Sst
1151	F2S4_161028_011_E01	Sst
1152	F2S4_161028_012_B01	Sst
1153	F2S4_161028_012_D01	Sst
1154	F2S4_161028_014_B01	L4
1155	F2S4_161028_015_D01	CC2
1156	F2S4_161028_016_F01	CC3
1157	F2S4_161028_016_G01	L4
1158	F2S4_161028_019_D01	CC3
1159	F2S4_161028_021_A01	CC2
1160	F2S4_161028_021_H01	L4
1161	F2S4_161103_001_H01	NP
1162	F2S4_161103_002_D01	NP
1163	F2S4_161103_003_H01	L4
1164	F2S4_161103_008_F01	Pvalb
1165	F2S4_161107_006_D01	Vip
1166	F2S4_161107_007_A01	Sncg
1167	F2S4_161107_007_F01	Vip
1168	F2S4_161107_007_G01	Vip
1169	F2S4_161107_009_D01	Vip
1170	F2S4_161107_010_H01	Vip
1171	F2S4_161107_011_A01	Vip
1172	F2S4_161107_011_D01	Vip
1173	F2S4_161107_011_H01	Vip
1174	F2S4_161107_013_B01	Vip
1175	F2S4_161107_014_D01	Vip
1176	F2S4_161107_015_E01	Vip
1177	F2S4_161107_015_F01	Vip
1178	F2S4_161107_017_E01	Vip
1179	F2S4_161107_017_H01	Vip
1180	F2S4_161107_018_D01	Vip
1181	F2S4_161107_018_H01	Vip
1182	F2S4_161109_001_C01	CC2
1183	F2S4_161109_002_C01	CC3
1184	F2S4_161110_003_F01	CC2
1185	F2S4_161111_004_D01	L6 CT
1186	F2S4_161111_005_A01	L5 PT
1187	F2S4_161111_005_D01	L5 PT
1188	F2S4_161111_006_B01	L5 PT
1189	F2S4_161111_007_G01	L5 PT
1190	F2S4_161111_007_H01	L5 PT
1191	F2S4_161114_001_B01	L6 CT
1192	F2S4_161114_001_C01	L6 CT
1193	F2S4_161114_001_G01	L5 PT
1194	F2S4_161114_001_H01	L6 CT
1195	F2S4_161116_001_A01	L2/3 IT
1196	F2S4_161117_001_B01	L2/3 IT
1197	F2S4_161117_002_B01	CC1
1198	F2S4_161117_002_F01	L6b
1199	F2S4_161117_005_A01	L4
1200	F2S4_161121_002_C01	L6 CT
1201	F2S4_161121_003_H01	L6 CT
1202	F2S4_161121_004_C01	L6 CT
1203	F2S4_161121_004_D01	L6 CT
1204	F2S4_161122_001_B01	L5 PT
1205	F2S4_161122_003_C01	L5 PT
1206	F2S4_161123_163_E01	L6 IT
1207	F2S4_161128_001_A01	CC3
1208	F2S4_161128_002_A01	L2/3 IT
1209	F2S4_161128_003_A01	L2/3 IT
1210	F2S4_161128_005_B01	L6 IT
1211	F2S4_161128_006_G01	L6 IT
1212	F2S4_161128_008_E01	L2/3 IT
1213	F2S4_161128_009_F01	L2/3 IT
1214	F2S4_161128_009_H01	L2/3 IT
1215	F2S4_161128_011_D01	L6 IT
1216	F2S4_161128_011_F01	L2/3 IT
1217	F2S4_161128_011_H01	CC1
1218	F2S4_161128_012_B01	L6 IT
1219	F2S4_161128_012_C01	L6 IT
1220	F2S4_161128_014_D01	CC3
1221	F2S4_161128_014_G01	CC1
1222	F2S4_161128_014_H01	L6 IT
1223	F2S4_161128_015_A01	L6 IT
1224	F2S4_161128_015_E01	L6 IT
1225	F2S4_161128_017_B01	L6 IT
1226	F2S4_161128_017_E01	L6 IT
1227	F2S4_161128_017_H01	L6 IT
1228	F2S4_161129_001_H01	L2/3 IT
1229	F2S4_161129_002_E01	L2/3 IT
1230	F2S4_161129_004_F01	L6 IT
1231	F2S4_161129_004_G01	L2/3 IT
1232	F2S4_161129_004_H01	L2/3 IT
1233	F2S4_161129_005_B01	L2/3 IT
1234	F2S4_161129_006_F01	L2/3 IT
1235	F2S4_161129_006_H01	L2/3 IT
1236	F2S4_161129_009_B01	L2/3 IT
1237	F2S4_161206_001_C01	L6 CT
1238	F2S4_161206_003_C01	L6 CT
1239	F2S4_161206_003_D01	L6 CT
1240	F2S4_161207_001_A01	L6 CT
1241	F2S4_161207_003_C01	L6 CT
1242	F2S4_161207_003_E01	L6 CT
1243	F2S4_161207_004_C01	L6 CT
1244	F2S4_161207_004_E01	L6 CT
1245	F2S4_161207_005_B01	L6 CT
1246	F2S4_161207_005_F01	L6 CT
1247	F2S4_161207_006_A01	L6 CT
1248	F2S4_161207_006_D01	L6 CT
1249	F2S4_161207_009_B01	L6 CT
1250	F2S4_161207_010_A01	L6 CT
1251	F2S4_161207_010_D01	L6 CT
1252	F2S4_161207_011_F01	L6 CT
1253	F2S4_161207_012_D01	L6 CT
1254	F2S4_161207_012_G01	L6 CT
1255	F2S4_161207_013_E01	L6 CT
1256	F2S4_161207_013_F01	L6 CT
1257	F2S4_161207_013_G01	L6 CT
1258	F2S4_161207_014_C01	L6 CT
1259	F2S4_161207_019_E01	L6 CT
1260	F2S4_161207_020_F01	L6 CT
1261	F2S4_161207_021_A01	L6 CT
1262	F2S4_161207_022_A01	L6 CT
1263	F2S4_161207_022_D01	L6 CT
1264	F2S4_161207_035_B01	L6 CT
1265	F2S4_170104_002_G01	L4
1266	F2S4_170104_003_G01	L2/3 IT
1267	F2S4_170105_002_E01	L5 PT
1268	F2S4_170105_003_E01	L5 PT
1269	F2S4_170105_003_H01	L5 PT
1270	F2S4_170105_009_C01	L5 PT
1271	F2S4_170105_010_F01	L6 IT
1272	F2S4_170105_012_E01	L2/3 IT
1273	F2S4_170105_012_F01	L2/3 IT
1274	F2S4_170116_001_B01	L4
1275	F2S4_170116_001_F01	CC2
1276	F2S4_170116_006_B01	L4
1277	F2S4_170116_007_A01	L4
1278	F2S4_170116_008_A01	CC3
1279	F2S4_170116_008_B01	CC3
1280	F2S4_170116_008_D01	CC3
1281	F2S4_170116_010_E01	L4
1282	F2S4_170116_011_D01	L4
1283	F2S4_170116_012_C01	L4
1284	F2S4_170116_012_F01	L4
1285	F2S4_170123_001_A01	CC1
1286	F2S4_170123_001_H01	L2/3 IT
1287	F2S4_170123_002_B01	L6 IT
1288	F2S4_170123_002_C01	L2/3 IT
1289	F2S4_170124_001_A01	L2/3 IT
1290	F2S4_170124_001_D01	L2/3 IT
1291	F2S4_170124_001_F01	CC3
1292	F2S4_170124_001_H01	L2/3 IT
1293	F2S4_170124_002_F01	L6 IT
1294	F2S4_170125_001_A01	L5 PT
1295	F2S4_170125_001_F01	L6b
1296	F2S4_170125_001_G01	L6 CT
1297	F2S4_170125_001_H01	L4
1298	F2S4_170126_004_A01	L4
1299	F2S4_170126_004_C01	CC3
1300	F2S4_170126_004_D01	L4
1301	F2S4_170126_004_F01	L2/3 IT
1302	F2S4_170126_005_H01	CC3
1303	F2S4_170126_007_C01	L4
1304	F2S4_170126_009_A01	L4
1305	F2S4_170126_009_E01	L4
1306	F2S4_170126_011_D01	L4
1307	F2S4_170126_012_D01	L4
1308	F2S4_170126_014_H01	L4
1309	F2S4_170126_015_H01	L4
1310	F2S4_170126_016_C01	L4
1311	F2S4_170126_016_E01	L4
1312	F2S4_170126_021_H01	L4
1313	F2S4_170126_023_E01	Sst
1314	F2S4_170126_023_F01	Pvalb
1315	F2S4_170126_023_G01	CC3
1316	F2S4_170130_003_F01	L6 IT
1317	F2S4_170130_003_H01	L6 IT
1318	F2S4_170130_004_F01	L6 IT
1319	F2S4_170130_005_C01	L6 IT
1320	F2S4_170130_010_D01	L5 PT
1321	F2S4_170201_001_D01	L5 PT
1322	F2S4_170201_002_H01	L5 PT
1323	F2S4_170201_003_G01	L5 PT
1324	F2S4_170201_004_B01	L5 PT
1325	F2S4_170201_004_D01	L5 PT
1326	F2S4_170201_004_H01	L6 CT
1327	F2S4_170201_005_F01	L5 PT
1328	F2S4_170201_007_C01	L5 PT
1329	F2S4_170201_008_E01	L5 PT
1330	F2S4_170201_018_A01	L6 CT
1331	F2S4_170201_018_D01	L6 CT
1332	F2S4_170201_018_F01	L6 CT
1333	F2S4_170202_002_G01	L5 PT
1334	F2S4_170202_007_C01	L6 IT
1335	F2S4_170202_009_A01	L6 IT
1336	F2S4_170202_010_F01	L6 IT
1337	F2S4_170203_003_A01	L5 PT
1338	F2S4_170203_006_F01	L4
1339	F2S4_170203_007_F01	L2/3 IT
1340	F2S4_170203_008_H01	L4
1341	F2S4_170203_010_C01	L6 IT
1342	F2S4_170203_010_H01	L6 IT
1343	F2S4_170203_011_C01	L2/3 IT
1344	F2S4_170203_012_A01	L6 IT
1345	F2S4_170203_012_C01	L4
1346	F2S4_170203_012_G01	L6 IT
1347	F2S4_170203_014_A01	L6 IT
1348	F2S4_170203_014_B01	L6 IT
1349	F2S4_170203_014_D01	L2/3 IT
1350	F2S4_170203_016_A01	L4
1351	F2S4_170203_017_B01	L6 IT
1352	F2S4_170203_017_F01	L6 IT
1353	F2S4_170203_020_C01	CC3
1354	F2S4_170203_022_A01	L6 IT
1355	F2S4_170203_022_B01	L6 IT
1356	F2S4_170203_022_C01	L6 IT
1357	F2S4_170203_025_D01	L4
1358	F2S4_170203_025_E01	L6 IT
1359	F2S4_170203_026_D01	CC3
1360	F2S4_170320_001_A01	Astro
1361	F2S4_170320_001_F01	Astro
1362	F2S4_170320_003_D01	Astro
1363	F2S4_170320_005_F01	Lamp5
1364	F2S4_170320_006_C01	Astro
1365	F2S4_170320_007_C01	Astro
1366	F2S4_170320_007_E01	Astro
1367	F2S4_170320_007_G01	Vip
1368	F2S4_170323_010_C01	Astro
1369	F2S4_170323_010_F01	Astro
1370	F2S4_170323_011_E01	Astro
1371	F2S4_170323_011_F01	Endo
1372	F2S4_170323_015_F01	Astro
1373	F2S4_170323_016_B01	Astro
1374	F2S4_170323_025_C01	Astro
1375	F2S4_170323_025_F01	Astro
1376	F2S4_170323_026_C01	Astro
1377	F2S4_170323_027_A01	Endo
1378	F2S4_170323_028_D01	Astro
1379	F2S4_170323_028_F01	Astro
1380	F2S4_170323_038_H01	Astro
1381	F2S4_170323_052_G01	Astro
1382	F2S4_170323_052_H01	Astro
1383	F2S4_170323_059_A01	Astro
1384	F2S4_170406_001_B01	Pvalb
1385	F2S4_170406_002_F01	Sst
1386	F2S4_170406_003_H01	Pvalb
1387	F2S4_170406_004_E01	Pvalb
1388	F2S4_170406_004_H01	Pvalb
1389	F2S4_170406_006_G01	Pvalb
1390	F2S4_170406_009_D01	Pvalb
1391	F2S4_170406_010_A01	Pvalb
1392	F2S4_170406_015_H01	Pvalb
1393	F2S4_170406_017_E01	Vip
1394	F2S4_170406_018_E01	Vip
1395	F2S4_170410_001_A01	L6 IT
1396	F2S4_170410_001_E01	L6 IT
1397	F2S4_170410_001_H01	L2/3 IT
1398	F2S4_170410_002_D01	L2/3 IT
1399	F2S4_170410_002_F01	L2/3 IT
1400	F2S4_170410_004_D01	L2/3 IT
1401	F2S4_170410_004_E01	L6 IT
1402	F2S4_170410_005_E01	L5 PT
1403	F2S4_170411_001_C01	L6 IT
1404	F2S4_170411_002_A01	L5 PT
1405	F2S4_170411_006_C01	L6 IT
1406	F2S4_170420_007_G01	Pvalb
1407	F2S4_170420_009_F01	Pvalb
1408	F2S4_170420_010_B01	Pvalb
1409	F2S4_170516_001_G01	L4
1410	F2S4_170516_003_F01	L4
1411	F2S4_170516_005_F01	L4
1412	F2S4_170516_006_C01	L4
1413	F2S4_170516_008_E01	L4
1414	F2S4_170516_011_D01	L4
1415	F2S4_170516_012_C01	L4
1416	F2S4_170516_012_G01	L4
1417	F2S4_170516_013_C01	L4
1418	F2S4_170518_006_H01	Sst
1419	F2S4_170518_011_A01	L6 IT
1420	F2S4_170518_016_C01	Vip
1421	F2S4_170518_017_G01	Vip
1422	F2S4_170519_001_C01	Vip
1423	F2S4_170519_004_A01	Vip
1424	F2S4_170519_004_B01	Vip
1425	F2S4_170519_004_F01	Vip
1426	F2S4_170519_006_C01	L6 IT
1427	F2S4_170519_008_E01	L6 IT
1428	F2S4_170526_002_D01	NP
1429	F2S4_170526_002_H01	Lamp5
1430	F2S4_170526_005_A01	L6 IT
1431	F2S4_170526_008_A01	Sst
1432	F2S4_170526_008_F01	NP
1433	F2S4_170526_009_B01	Pvalb
1434	F2S4_170526_010_F01	NP
1435	F2S4_170526_014_G01	NP
1436	F2S4_170526_015_D01	Pvalb
1437	F2S4_170526_017_B01	NP
1438	F2S4_170526_019_A01	NP
1439	F2S4_170526_019_G01	L6 IT
1440	F2S4_170605_001_F01	L6b
1441	F2S4_170605_002_B01	L6b
1442	F2S4_170605_002_H01	L6b
1443	F2S4_170605_004_C01	L6b
1444	F2S4_170605_005_D01	L6b
1445	F2S4_170605_007_E01	L6b
1446	F2S4_170605_008_F01	L6b
1447	F2S4_170605_010_A01	L6b
1448	F2S4_170605_011_C01	L6b
1449	F2S4_170605_011_H01	L6b
1450	F2S4_170605_012_D01	L6b
1451	F2S4_170605_013_C01	L6b
1452	F2S4_170605_013_G01	L6b
1453	F2S4_170605_015_G01	L6b
1454	F2S4_170605_016_F01	L6b
1455	F2S4_170605_016_G01	L6b
1456	F2S4_170605_017_C01	L6b
1457	F2S4_170605_017_E01	L6b
1458	F2S4_170605_017_F01	L6b
1459	F2S4_170609_002_C01	L6b
1460	F2S4_170609_003_D01	L6b
1461	F2S4_170609_003_F01	L6b
1462	F2S4_170609_007_E01	L2/3 IT
1463	F2S4_170707_003_B01	Lamp5
1464	F2S4_170707_003_H01	Lamp5
1465	F2S4_170707_005_D01	Vip
1466	F2S4_170707_006_A01	Lamp5
1467	F2S4_170707_011_A01	Vip
1468	F2S4_170707_011_C01	Vip
1469	F2S4_170707_014_E01	Vip
1470	F2S4_170707_014_H01	Vip
1471	F2S4_170707_019_E01	Sst
1472	F2S4_170707_019_F01	Sncg
1473	F2S4_170707_020_A01	Vip
1474	F2S4_170707_020_B01	Vip
1475	F2S4_170707_020_C01	Vip
1476	F2S4_170707_020_D01	Sncg
1477	F2S4_170707_030_F01	Sst
1478	F2S4_170707_037_A01	Vip
1479	F2S4_170707_037_D01	Vip
1480	F2S4_170707_037_H01	Vip
1481	F2S4_170707_038_A01	Vip
1482	F2S4_170803_004_C01	Sst
1483	F2S4_170803_004_G01	L6 IT
1484	F2S4_170803_007_B01	Sst
1485	F2S4_170803_007_H01	Pvalb
1486	F2S4_170803_008_D01	L6 IT
1487	F2S4_170803_010_D01	L6 IT
1488	F2S4_170803_012_C01	Sst
1489	F2S4_170803_012_G01	Sst
1490	F2S4_170803_015_E01	L6 IT
1491	F2S4_170803_015_F01	Pvalb
1492	F2S4_170803_021_D01	Sst
1493	F2S4_170803_021_E01	L6 IT
1494	F2S4_170807_005_E01	Vip
1495	F2S4_170807_007_H01	Vip
1496	F2S4_170807_009_D01	Vip
1497	F2S4_170807_010_F01	Vip
1498	F2S4_170807_022_E01	Sst
1499	F2S4_170828_003_B01	Lamp5
1500	F2S4_170828_004_G01	Sst
1501	F2S4_170828_008_G01	Sst
1502	F2S4_170830_002_D01	Sst
1503	F2S4_170830_003_A01	Sst
1504	F2S4_170830_003_B01	Sst
1505	F2S4_170907_001_H01	Sst
1506	F2S4_170907_003_H01	Sst
1507	F2S4_170907_004_B01	Pvalb
1508	F2S4_170908_003_C01	Sst
1509	F2S4_170908_005_D01	Sst
1510	F2S4_170908_006_D01	Sst
1511	F2S4_170908_009_C01	Sst
1512	F2S4_170908_010_A01	Sst
1513	F2S4_170908_010_B01	Sst
1514	F2S4_170908_012_C01	Sst
1515	F2S4_170908_012_G01	Sst
1516	F2S4_170914_001_F01	L6 IT
1517	F2S4_170914_002_G01	L6 IT
1518	F2S4_170918_001_H01	L6 IT
1519	F2S4_170918_002_F01	L6 IT
1520	F2S4_171003_007_D01	Lamp5
1521	F2S4_171003_016_A01	L6 IT
1522	F2S4_171018_002_E01	Pvalb
1523	F2S4_171027_003_E01	NP
1524	F2S4_171108_001_B01	Sst
1525	F2S4_171108_001_C01	Sst
1526	F2S4_171108_001_F01	Sst
1527	F2S4_171108_002_D01	Sst
1528	F2S4_171108_003_E01	Sst
1529	F2S4_171108_004_E01	Sst
1530	F2S4_171109_009_C01	Sst
1531	F2S4_171109_009_D01	Sst
1532	F2S4_171120_001_A01	Astro
1533	F2S4_171120_002_A01	Astro
1534	F2S4_171120_003_D01	Astro
1535	F2S4_171120_003_E01	Astro
1536	F2S4_171120_004_C01	Astro
1537	F2S4_171120_004_G01	Astro
1538	F2S4_171120_005_A01	Astro
1539	F2S4_171120_005_E01	Astro
1540	F2S4_171120_005_H01	Astro
1541	F2S4_171120_006_C01	Astro
1542	F2S4_171120_009_B01	Astro
1543	F2S4_171120_009_F01	Astro
1544	F2S4_171120_009_G01	Astro
1545	F2S4_171120_010_F01	Astro
1546	F2S4_171120_010_G01	L4
1547	F2S4_171120_011_D01	L4
1548	F2S4_171120_011_E01	Astro
1549	F2S4_171120_011_G01	Astro
1550	F2S4_171120_012_D01	Astro
1551	F2S4_171120_012_E01	Astro
1552	F2S4_171120_012_G01	Astro
1553	F2S4_171120_012_H01	L4
1554	F2S4_171120_014_H01	L4
1555	F2S4_171120_016_C01	Astro
1556	F2S4_171120_016_G01	Astro
1557	F2S4_171120_017_C01	Astro
1558	F2S4_171120_017_F01	CC3
1559	F2S4_171120_017_G01	Astro
1560	F2S4_171120_017_H01	Astro
1561	F2S4_171120_019_A01	Astro
1562	F2S4_171120_019_B01	Astro
1563	F2S4_171120_019_D01	Astro
1564	F2S4_171120_019_H01	Astro
1565	F2S4_171120_020_B01	Astro
1566	F2S4_171120_020_C01	CC3
1567	F2S4_171120_020_D01	Astro
1568	F2S4_171120_023_E01	Astro
1569	F2S4_171120_023_F01	Astro
1570	F2S4_171120_024_B01	Astro
1571	F2S4_171120_024_F01	Astro
1572	F2S4_171120_027_A01	Astro
1573	F2S4_171120_027_B01	Astro
1574	F2S4_171120_028_E01	Astro
1575	F2S4_171120_028_G01	Astro
1576	F2S4_171122_007_F01	Lamp5
1577	F2S4_171122_010_A01	Sst
1578	F2S4_171128_004_A01	Vip
1579	F2S4_171128_005_C01	Sst
1580	F2S4_171128_005_D01	Sncg
1581	F2S4_171129_002_C01	L2/3 IT
1582	F2S4_171201_005_B01	Pvalb
1583	F2S4_171201_008_A01	Pvalb
1584	F2S4_171201_008_C01	Pvalb
1585	F2S4_171201_008_E01	Pvalb
1586	F2S4_171201_009_B01	Pvalb
1587	F2S4_171201_009_C01	Pvalb
1588	F2S4_171201_011_H01	Pvalb
1589	F2S4_171215_006_D01	L2/3 IT
1590	F2S4_180110_004_A01	CC1
1591	F2S4_180110_005_B01	CC3
1592	F2S4_180110_005_F01	L5 PT
1593	F2S4_180110_041_E01	CC3
1594	F2S4_180110_043_F01	L5 PT
1595	F2S4_180110_048_C01	L5 PT
1596	F2S4_180110_048_F01	L5 PT
1597	F2S4_180110_049_B01	L5 PT
1598	F2S4_180110_049_D01	CC3
1599	F2S4_180110_049_G01	CC2
1600	F2S4_180110_053_G01	CC3
1601	F2S4_180110_054_A01	L5 PT
1602	F2S4_180110_054_C01	L5 PT
1603	F2S4_180110_058_F01	CC3
1604	F2S4_180110_058_H01	CC2
1605	F2S4_180110_065_B01	CC3
1606	F2S4_180110_066_A01	CC3
1607	F2S4_180110_066_D01	L5 PT
1608	F2S4_180110_066_E01	CC3
1609	F2S4_180110_066_H01	L5 PT
1610	F2S4_180110_067_E01	L5 PT
1611	F2S4_180110_067_H01	L5 PT
1612	F2S4_180110_071_E01	L5 PT
1613	F2S4_180110_072_D01	L5 PT
1614	F2S4_180110_072_H01	L5 PT
1615	F2S4_180122_021_H01	NP
1616	F2S4_180122_025_A01	NP
1617	F2S4_180226_001_C01	L2/3 IT
1618	F2S4_180228_004_D01	L4
1619	F2S4_180228_004_H01	L4
1620	F2S4_180228_005_C01	CC3
1621	F2S4_180228_005_F01	L4
1622	F2S4_180228_007_A01	CC3
1623	F2S4_180228_008_C01	CC2
1624	F2S4_180228_008_D01	CC3
1625	F2S4_180228_009_A01	CC1
1626	F2S4_180228_009_E01	CC3
1627	F2S4_180228_009_F01	CC3
1628	F2S4_180228_009_G01	CC3
1629	F2S4_180228_016_F01	CC2
1630	F2S4_180228_018_E01	L4
1631	F2S4_180228_019_C01	CC3
1632	F2S4_180228_019_E01	CC3
1633	F2S4_180312_009_A01	Sst
1634	F2S4_180312_009_D01	Sst
1635	F2S4_180312_011_D01	Sst
1636	F2S4_180312_011_F01	Sst
1637	FYS4_171003_509_E01	Pvalb
1638	FYS4_171004_102_H01	Vip
